"Feature","Missing_Count"
"session_swing",0
"session_mass_lbs",0
"session_height_in",0
"athlete_age",0
"highest_playing_level",0
"hitter_side",0
"bat_weight_oz",0
"bat_length_in",0
"bat_speed_mph_max_x",0
"blast_bat_speed_mph_x",0
"exit_velo_mph_x",0
"user",0
"session",0
"bat_speed_mph_contact_x",0
"sweet_spot_velo_mph_contact_x",0
"sweet_spot_velo_mph_contact_y",0
"sweet_spot_velo_mph_contact_z",0
"bat_torso_angle_connection_x",0
"attack_angle_contact_x",0
"bat_speed_xy_max_x",0
"bat_torso_angle_ds_x",0
"bat_torso_angle_ds_z",0
"hand_speed_blast_bat_mph_max_x",0
"hand_speed_mag_max_x",0
"pelvis_angle_fm_x",0
"pelvis_angle_fm_y",0
"pelvis_angle_fm_z",0
"pelvis_angle_fp_x",0
"pelvis_angle_fp_y",0
"pelvis_angle_fp_z",0
"pelvis_angle_hs_x",0
"pelvis_angle_hs_y",0
"pelvis_angle_hs_z",0
"torso_angle_fm_x",0
"torso_angle_fm_y",0
"torso_angle_fm_z",0
"torso_angle_fp_x",0
"torso_angle_fp_y",0
"torso_angle_fp_z",0
"torso_angle_hs_x",0
"torso_angle_hs_y",0
"torso_angle_hs_z",0
"upper_arm_speed_mag_max_x",0
"x_factor_fm_x",0
"x_factor_fm_y",0
"x_factor_fm_z",0
"x_factor_fp_x",0
"x_factor_fp_y",0
"x_factor_fp_z",0
"bat_max_x",0
"bat_min_x",0
"hand_speed_mag_fm_x",0
"hand_speed_mag_fp_x",0
"hand_speed_mag_maxhss_x",0
"hand_speed_mag_stride_max_velo_x",0
"hand_speed_mag_swing_max_velo_x",0
"lead_knee_launchpos_x",0
"lead_knee_stride_max_x",0
"lead_wrist_fm_x",0
"lead_wrist_swing_max_x",0
"pelvis_angular_velocity_fm_x",0
"pelvis_angular_velocity_fp_x",0
"pelvis_angular_velocity_maxhss_x",0
"pelvis_angular_velocity_seq_max_x",0
"pelvis_angular_velocity_stride_max_x",0
"pelvis_fm_x",0
"pelvis_fm_z",0
"pelvis_launchpos_x",0
"pelvis_launchpos_z",0
"pelvis_loadedpos_x",0
"pelvis_load_max_x",0
"pelvis_stride_max_x",0
"pelvis_stride_max_y",0
"pelvis_stride_max_z",0
"pelvis_swing_max_x",0
"pelvis_swing_max_y",0
"pelvis_swing_max_z",0
"rear_elbow_fm_x",0
"rear_elbow_fm_z",0
"rear_elbow_launchpos_x",0
"rear_elbow_stride_max_x",0
"rear_elbow_stride_max_z",0
"rear_elbow_swing_max_x",0
"rear_elbow_swing_max_z",0
"rear_hip_launchpos_x",0
"rear_hip_stride_max_x",0
"rear_hip_stride_max_y",0
"rear_hip_stride_max_z",0
"rear_shoulder_launchpos_x",0
"rear_shoulder_stride_max_x",0
"rear_shoulder_stride_max_y",0
"rear_shoulder_stride_max_z",0
"torso_angular_velocity_fm_x",0
"torso_angular_velocity_fp_x",0
"torso_angular_velocity_maxhss_x",0
"torso_angular_velocity_stride_max_x",0
"torso_angular_velocity_seq_max_x",0
"torso_fm_x",0
"torso_fm_z",0
"torso_launchpos_x",0
"torso_launchpos_z",0
"torso_loadedpos_x",0
"torso_load_max_x",0
"torso_pelvis_loadedpos_x",0
"torso_pelvis_load_max_x",0
"torso_pelvis_stride_max_x",0
"torso_pelvis_stride_max_y",0
"torso_pelvis_stride_max_z",0
"torso_pelvis_swing_max_x",0
"torso_stride_max_x",0
"torso_stride_max_y",0
"torso_stride_max_z",0
"torso_swing_max_x",0
"torso_swing_max_y",0
"torso_swing_max_z",0
"upper_arm_speed_mag_fm_x",0
"upper_arm_speed_mag_fp_x",0
"upper_arm_speed_mag_maxhss_x",0
"upper_arm_speed_mag_stride_max_velo_x",0
"x_factor_hs_x",0
"x_factor_hs_y",0
"x_factor_hs_z",0
"max_cog_velo_x",0
"pitch",0
"strike_zone",0
"la",0
"dist",0
"res",0
"bearing",0
"vertical_distance",0
"horizontal_distance",0
"poi_x",0
"poi_y",0
"poi_z",0
"pitch_angle",0
